Author_Standardized,Paper_Count
"Swanson, N",9
"Clements, M",8
"Schorfheide, F",7
"Kitov, I",7
"Pincheira, P",6
"Wright, J",6
"Kim, H",6
"Simionescu, M",5
"Nautz, D",5
"Weber, M",5
"Wang, Y",5
"Cochrane, J",4
"Baghestani, H",4
"Zhang, X",4
"Loungani, P",4
"Hubrich, K",4
"Singh, S",4
"Stekler, H",4
"Ghysels, E",4
"Chantarakasemchit, O",3
"Lanne, M",3
"Gualdi, S",3
"Crowe, C",3
"Bhamra, H",3
"Civelli, A",3
"Clark, T",3
"Gautier, E",3
"Kandil, M",3
"Gupta, R",3
"Kumar, A",3
"Hommes, C",3
"Dorion, C",3
"Knüppel, M",3
"Bittencourt, M",3
"Lahiri, K",3
"Kamin, S",3
"Kitov, O",3
"Hassani, H",3
"Nuchitprasitchai, S",3
"Okuda, T",3
"Otto, G",3
"Petrella, I",3
"Medel, C",3
"Posen, A",3
"Razin, A",3
"Reinhart, C",3
"Rossi, B",3
"Ruge-Murcia, F",3
"Rumler, F",3
"Saikkonen, P",3
"Santoro, E",3
"Peel, D",3
"Sen, D",3
"Bouchaud, J",3
"Mertens, E",3
"Smith, G",3
"Smyth, D",3
"Nason, J",3
"Duncan, R",3
"Tarzia, M",3
"Tsuruga, T",3
"Luoto, J",3
"Jeanneret, A",3
"Heravi, S",3
"Ash, J",3
"Alamsyah, A",3
"Zamponi, F",3
"Zhang, J",3
"Zhang, L",3
"Wang, J",3
"Daniels, J",2
"Kim, K",2
"Busetti, F",2
"Koursaros, D",2
"Karras, G",2
"Das, D",2
"Das, S",2
"King, I",2
"Hendrickson, J",2
"Cakmakli, C",2
"Hendry, D",2
"Calvo, G",2
"Herbst, E",2
"Fitzgerald, D",2
"De Gooijer, J",2
"Liu, R",2
"Ihnatov, I",2
"Ihrig, J",2
"Devereux, M",2
"Kato, R",2
"Lomakin, I",2
"Furceri, D",2
"Joutz, F",2
"Jouvanceau, V",2
"Kebabci, D",2
"Ceyhan, P",2
"Gabrielyan, D",2
"Li, H",2
"Keen, S",2
"Dolinskaya, S",2
"Dong, J",2
"Kletzer, K",2
"Doshi, H",2
"Li, J",2
"Bakhshi, H",2
"Ganics, G",2
"Günay, M",2
"Chauvet, M",2
"Drenik, A",2
"Khan, H",2
"Lomakin, N",2
"Koedijk, K",2
"Li, X",2
"Hossain, A",2
"Hossain, M",2
"Iwanicz-Drozdowska, M",2
"Linnemann, L",2
"Basturk, N",2
"Kryshko, M",2
"Becker, S",2
"Jacobs, K",2
"Kwon, G",2
"Hua, J",2
"Geiger, M",2
"Krüger, F",2
"Langer, T",2
"Hamurcuoglu, K",2
"Faber, R",2
"Marcellino, M",2
"Marquez, J",2
"Massaro, D",2
"McAdam, P",2
"McCracken, M",2
"McFarlane, L",2
"Elliott, G",2
"Meller, B",2
"Menz, J",2
"Choi, S",2
"Mertens, T",2
"Messner, T",2
"Meyer, B",2
"Michail, N",2
"Mishra, A",2
"Moreno, A",2
"Nasir, M",2
"Kilian, L",2
"Hariadi, M",2
"Nelson, C",2
"Nelson, E",2
"Nilsiam, Y",2
"Engle, R",2
"Nugroho, S",2
"Bianchi, F",2
"Orphanides, A",2
"Adämmer, P",2
"Padzil, S",2
"Paloviita, M",2
"Papadopoulou, N",2
"Pedersen, M",2
"Mansoorian, A",2
"Perez, D",2
"Hartmann, M",2
"Petroulas, P",2
"Pfajfar, D",2
"Pillay, K",2
"Amano, R",2
"Pirotte, A",2
"Plante, M",2
"Kim, C",2
"Ptak-Chmielewska, A",2
"Ramos-Herrera, M",2
"Ravie, T",2
"Ersoy, M",2
"Huber, J",2
"Robinson, W",2
"Roldan-Blanco, P",2
"Ross, K",2
"Conflitti, C",2
"Zhou, X",2
"Bleaney, M",2
"Rusiadi, R",2
"Rötheli, T",2
"Saadah, S",2
"Sadorsky, P",2
"Gillman, M",2
"Salter, A",2
"Zhu, Y",2
"Santoro, S",2
"Savva, C",2
"Scharler, J",2
"Schenkelberg, H",2
"Cordes, H",2
"Schüssler, R",2
"Sekhposyan, T",2
"Coricelli, F",2
"Shiller, R",2
"Shubik, M",2
"Sill, K",2
"Zimmer, H",2
"Breitenlechner, M",2
"Sinha, P",2
"Smets, F",2
"Smith, B",2
"Corradi, V",2
"Smith, J",2
"Fabo, B",2
"Sohn, B",2
"Sosvilla Rivero, S",2
"Spiegel, M",2
"Fadejeva, L",2
"Sun, J",2
"Sunder, S",2
"Suparti, S",2
"Haug, A",2
"van Dijk, H",2
"Thomakos, D",2
"Timmermann, A",2
"Tiwari, A",2
"Jiang, C",2
"Tunç, K",2
"Ubide, A",2
"Urga, G",2
"Uribe, M",2
"VanHoose, D",2
"Vlaar, P",2
"Végh Gramont, C",2
"Végh, C",2
"Wallis, K",2
"Glas, A",2
"Kang, K",2
"Warne, A",2
"Watzka, S",2
"Kantor, B",2
"Wei, M",2
"West, K",2
"Wieland, E",2
"Williams, J",2
"Wouters, R",2
"Gneiting, T",2
"Xu, Y",2
"Yang, Z",2
"Yates, A",2
"Yetman, J",2
"Akgun, O",2
"Budiastuti, I",2
"Zaman, S",2
"Faust, J",2
"Zerom, D",2
"Zhang, H",2
"Lippi, M",2
"Hur, J",2
"Zhang, M",2
"Zhang, S",2
"Kapetanios, G",2
"Zhang, Y",2
"Zhao, Z",2
"Binner, J",1
"Binz, O",1
"Biswal, B",1
"Biswas, S",1
"Blackburn, K",1
"Bo, L",1
"Boero, G",1
"Bonomo, M",1
"Bostan, I",1
"Boyd, J",1
"Branston, J",1
"Brickman, L",1
"Brillembourg, A",1
"Britton, A",1
"Brocato, J",1
"Broda, C",1
"Brubakk, L",1
"Bruine de Bruin, W",1
"Brumm, H",1
"Bruna, K",1
"Bryan, M",1
"Brys, G",1
"Budianita, E",1
"Budiastawa, I",1
"Budrys, Ž",1
"Bui, T",1
"Bullard, J",1
"Buncic, D",1
"Bundick, B",1
"Bunn, O",1
"Büsing, P",1
"Būda, S",1
"CANOVA, F",1
"CHOW, H",1
"CONSTANTINESCU, M",1
"Caceres, C",1
"Cagan, P",1
"Caivano, M",1
"Callot, L",1
"Camatte, H",1
"Campbell, J",1
"Canzoneri, M",1
"Cao, D",1
"Capasso, S",1
"Capraru, B",1
"Caraballo Pou, M",1
"Carbó, S",1
"Carmignani, F",1
"Carpenter, D",1
"Carrasco, M",1
"Carriere-Swallow, Y",1
"Carriero, A",1
"Carstensen, K",1
"Caspi, I",1
"Castro, J",1
"Cavaglia, S",1
"Celasun, O",1
"Ceyhan, S",1
"Chaiboonsri, C",1
"Chaitip, P",1
"Chakraborty, C",1
"Chakraborty, I",1
"Chakraborty, M",1
"Chamidah, N",1
"Chand, K",1
"Chandra, S",1
"Chandrachai, A",1
"Chang, C",1
"Chappell, D",1
"Chappell, H",1
"Chauhan, H",1
"Chen, H",1
"Chen, J",1
"Chen, K",1
"Chen, S",1
"Chen, Y",1
"Chen, Z",1
"Cheng, C",1
"Cheong, C",1
"Chernov, M",1
"Cheung, K",1
"Cheung, S",1
"Cheung, Y",1
"Chevalier, J",1
"Chi, H",1
"Chinn, M",1
"Chitalu Ch, M",1
"Chiu, E",1
"Chletsos, M",1
"Cho, S",1
"Choengtong, W",1
"Christofides, L",1
"Chuaykoblap, S",1
"Chutima, P",1
"Clark, N",1
"Clark, S",1
"Claveria, O",1
"Cobham, D",1
"Coffinet, J",1
"Cogley, T",1
"Cohen, E",1
"Constantin, A",1
"Cordeiro, Y",1
"Cornacchione, E",1
"Cornes, P",1
"Coronado, J",1
"Crespo Cuaresma, J",1
"Crump, R",1
"Cuba-Borda, P",1
"Cukierman, A",1
"Cumby, R",1
"Cynthia, O",1
"Căpraru, B",1
"D'Agostino, A",1
"DAWODU, G",1
"DEZHBAKHSH, H",1
"DSouza, A",1
"Dabbs, R",1
"Dabus, C",1
"Dai, Z",1
"Damrongsakmethee, T",1
"Danila, N",1
"Danutirta, A",1
"Dao, B",1
"Darby, M",1
"Dasgupta, S",1
"Dash, P",1
"Daudin, G",1
"Daugherty, J",1
"David, A",1
"David, I",1
"Davies, J",1
"Ddumba-Ssentamu, J",1
"De Meo, E",1
"Dechsakulthorn, S",1
"Del Negro, M",1
"Dewachter, H",1
"Dewi, C",1
"Dewi, Y",1
"Dharavath, R",1
"Dhini, A",1
"Dhital, S",1
"Dholakia, R",1
"Diba, B",1
"Dimand, R",1
"Ditta, A",1
"Dolado, J",1
"Dolejš, D",1
"Dong, Z",1
"Dongdong, W",1
"Donmez, C",1
"Douady, R",1
"Dow, S",1
"Dowd, K",1
"Dreger, C",1
"Drosou, V",1
"Dräger, L",1
"Dubrovskiy, V",1
"Duffey, R",1
"Dwiyanto, F",1
"Edens, D",1
"Edwards, R",1
"Edwards, S",1
"Effah Sarkodie Eric, I",1
"Egbelakin, T",1
"Eggertsson, G",1
"Egilsson, J",1
"Ehling, P",1
"Eickmeier, S",1
"Eka, O",1
"Ellingsen, T",1
"Elliott, D",1
"Ellis, C",1
"Ellison, M",1
"Eneje, B",1
"Engelmann, B",1
"Erber, G",1
"Erol, I",1
"Erson, V",1
"Eshun Nunoo, Y",1
"Esteve, V",1
"Estiko, F",1
"Ewald, C",1
"Fabien, L",1
"Falck, E",1
"Fama, E",1
"Fang, H",1
"Fang, Q",1
"Farahani, M",1
"Faria, J",1
"Farida, P",1
"Faseli, O",1
"Faubert, V",1
"Favero, C",1
"Feige, E",1
"Feitosa, M",1
"Feldstein, M",1
"Feng, G",1
"Feng, J",1
"Fernandes, B",1
"Ferracuti, E",1
"Ferrero, G",1
"Ferrja, A",1
"Fibriyani, V",1
"Fidalgo-Merino, R",1
"Firtescu, B",1
"Fitriyati, N",1
"Flamini, A",1
"Forni, M",1
"Fougere, D",1
"Frahm, G",1
"Franses, P",1
"Friedrich, A",1
"Fries, S",1
"GUERINEAU, S",1
"GUILLAMONT JEANNENEY, S",1
"GUO, Q",1
"GWIN, C",1
"Gadhave, A",1
"Gaffeo, E",1
"Gaglianone, W",1
"Gagnon, J",1
"Galashin, M",1
"Gallmeyer, M",1
"Gambetti, L",1
"Garcia, E",1
"Garcia, J",1
"Garcia, R",1
"Garcia-Schmidt, M",1
"García, E",1
"Garde-Hansen, H",1
"Garratt, A",1
"Garrett, T",1
"Garín, J",1
"Gates, Z",1
"Gatty, A",1
"Gaughan, P",1
"Gazely, A",1
"Gendall, K",1
"Gendall, P",1
"George Omondi, O",1
"GhasemiNejad, A",1
"Ghossoub, E",1
"Ghufran, B",1
"Giamattei, M",1
"Giannone, D",1
"Gianotten, H",1
"Giglio, S",1
"Gill, L",1
"Gil‐Alana, L",1
"Giordani, P",1
"Giovannelli, A",1
"Girdzijauskas, S",1
"Giribone, P",1
"Githii, W",1
"Gjika (Dhamo), E",1
"Glascock, J",1
"Gmeiner, R",1
"Godbole, A",1
"Goette, L",1
"Goldfajn, I",1
"Goldstein, I",1
"Golodniuk, I",1
"Gomis-Porqueras, P",1
"Goncharenko, R",1
"Gong, Y",1
"González, A",1
"Gonçalves, F",1
"Gonçalves, V",1
"Gootzeit, M",1
"Gorman, M",1
"Gould, D",1
"Granziera, E",1
"Grasselli, M",1
"Greenwood, R",1
"Griffin, J",1
"Grinols, E",1
"Groth, C",1
"Gruss, B",1
"Gu, Z",1
"Guan, S",1
"Guerrero, V",1
"Guiguet, E",1
"Guo, S",1
"Gupta, G",1
"Gupta, S",1
"Gurvich, E",1
"Göb, R",1
"HABIB, A",1
"HEISE, S",1
"HOLMAN, J",1
"HUBERT, P",1
"Haas, R",1
"Haavio, M",1
"Hachem, K",1
"Hafiz, R",1
"Hagen, J",1
"Hagmann-von Arx, M",1
"Hahn, V",1
"Halim, M",1
"Hamami, T",1
"Hammer, A",1
"Haque, M",1
"Hariadhy, R",1
"Hartini, D",1
"Hasan, M",1
"Hasegawa, R",1
"Haslag, J",1
"Hassan, M",1
"Hasumi, R",1
"Hausken, K",1
"Hausmann, R",1
"Hautsch, N",1
"Hauzenberger, N",1
"Hayford, M",1
"He, J",1
"He, Y",1
"Head, A",1
"Heemeijer, P",1
"Hegerty, S",1
"Heilemann, U",1
"Heimberger, P",1
"Hein, S",1
"Heinrich, M",1
"Herchen, L",1
"Herrendorf, B",1
"Herrera, R",1
"Heruseto, B",1
"Heyerdahl-Larsen, C",1
"Hillinger, C",1
"Hlatshwayo, S",1
"Ho, T",1
"Hoek, J",1
"Hoffmann, M",1
"Holden, K",1
"Holden, S",1
"Holland, M",1
"Homburg, A",1
"Hooper, P",1
"Hormaza, J",1
"Hornberg, B",1
"Horry, H",1
"Horvath, R",1
"Horváth, R",1
"Hossen, M",1
"Hossfeld, O",1
"Hsing, Y",1
"Hu, R",1
"Hu, Y",1
"Huang, C",1
"Huang, F",1
"Huang, M",1
"Huang, X",1
"Huang, Y",1
"Hubbard, R",1
"Hubert, M",1
"Hubert, P",1
"Huffman, D",1
"Hukelmann, C",1
"Hukkinen, J",1
"Humphrey, D",1
"Hung, L",1
"Huqin, Y",1
"Hussain, L",1
"Huston, S",1
"Huurfano Ochoa, H",1
"Huybens, E",1
"Hwang, T",1
"Hürtgen, P",1
"INOUE, A",1
"Iania, L",1
"Ichiue, H",1
"Iiboshi, H",1
"Ijaz, M",1
"Illeditsch, P",1
"Ilomäki, J",1
"Indratno, D",1
"Inekwe, J",1
"Inoue, A",1
"Ioannidis, C",1
"Iqbal, N",1
"Irawan, C",1
"Isaiah, A",1
"Isard, P",1
"Islas, A",1
"Issler, J",1
"Isti Khomah, K",1
"Ivanov, S",1
"Iyke, B",1
"Izquierdo, I",1
"Jacobson, M",1
"Jadevicius, A",1
"Jafaar, I",1
"Jain, R",1
"Jaisawal, A",1
"Jalaee, S",1
"Jalasjoki, P",1
"Jamil, A",1
"Ji, S",1
"Jiang, J",1
"Jiang, L",1
"Jiang, Y",1
"Jiao, S",1
"Jinjarak, Y",1
"Johnson, D",1
"Johnston, A",1
"Jolly, V",1
"Jondeau, E",1
"Jong, P",1
"Joos, P",1
"Jordahl, H",1
"Jordà, Ò",1
"Jos, J",1
"Joseph, A",1
"Joshua, J",1
"Joubert, F",1
"Joyce, M",1
"Ju, J",1
"Juergens, J",1
"Jumah, A",1
"Jun, J",1
"Junicke, M",1
"Jurkonytė, E",1
"Jääskelä, J",1
"Jørgensen, P",1
"K, K",1
"KARAHAN, F",1
"KARPAT ÇATALBAŞ, G",1
"KILIAN, L",1
"KIM, C",1
"KIRAZ, F",1
"Kadiyali, V",1
"Kalli, M",1
"Kam, E",1
"Kamesh Rao, B",1
"Kang, J",1
"Kanz, M",1
"Kar, S",1
"Karacal, M",1
"Karlsson, G",1
"Karthikeyan, P",1
"Kashyap, A",1
"Kashyap, S",1
"Kasim, R",1
"Kaushik, B",1
"Kaushik, J",1
"Kaya, Y",1
"Keely, R",1
"Kendall, G",1
"Kennedy, O",1
"Kenny, L",1
"Khan, M",1
"Khedhiri, S",1
"Kholodilin, K",1
"Khosla, E",1
"Khosyi, T",1
"Khytryi, O",1
"Kien, J",1
"Kijjambu, F",1
"Kiley, M",1
"Kilponen, J",1
"Kim, I",1
"Kim, R",1
"Kinal, T",1
"Kiptum, G",1
"Kirikos, D",1
"Kirti, A",1
"Kitzinger, L",1
"Klein, M",1
"Knotek, E",1
"Koch, B",1
"Koenigstein, N",1
"Kokkodis, M",1
"Kong, S",1
"Koohpayma, J",1
"Kool, C",1
"Koopman, S",1
"Korenok, O",1
"Korobilis, D",1
"Kosmata, V",1
"Kostyshyna, O",1
"Kraft, E",1
"Krasota, O",1
"Kristanti, F",1
"Kristensen, J",1
"Kroll, C",1
"Krueger, T",1
"Krulicky, T",1
"Krulický, T",1
"Krupka, E",1
"Kryukova, S",1
"Kuang, Y",1
"Kubota, S",1
"Kudoh, N",1
"Kulachinskaya, A",1
"Kumar, R",1
"Kumar, S",1
"Kumar, V",1
"Kunst, R",1
"Kurniawan, F",1
"Kusumawati, Y",1
"Kutenkov, R",1
"Kuttner, K",1
"Kwiatkowski, J",1
"Küçüklerli, K",1
"LIANG, Q",1
"LOMACHYNSKA, I",1
"Lackman, C",1
"Lahiri, R",1
"Lakshmi, T",1
"Lalliard, A",1
"Lambsdorff, J",1
"Lamla, M",1
"Lammertsma, A",1
"Landau, B",1
"Lane, P",1
"Larson, S",1
"Laséen, S",1
"Laurila, H",1
"Lavanda, G",1
"Laxton, D",1
"Le Borgne, E",1
"Leblang, D",1
"Lebow, D",1
"Lebreton, V",1
"Lee, H",1
"Lee, K",1
"Lee, T",1
"Leeds, R",1
"Leeson, R",1
"Lehmann, S",1
"Leiva-Leon, D",1
"Lenz, C",1
"Lester, R",1
"Levine, R",1
"Levy Yeyati, E",1
"Levy, D",1
"Li, A",1
"Li, B",1
"Li, C",1
"Li, D",1
"Li, L",1
"Li, Y",1
"Lialkin, O",1
"Libich, J",1
"Liemen, M",1
"Lim, C",1
"Lin, W",1
"Lindner, D",1
"Liong, T",1
"Lisboa, P",1
"Liu, Y",1
"Liu, Z",1
"Livingston, S",1
"Lockwood, B",1
"Lommatzsch, K",1
"Longo, L",1
"Lozano-Espitia, I",1
"Lubis, M",1
"Luger, R",1
"Lukmanova, E",1
"Luo, Q",1
"Luo, R",1
"Luo, S",1
"Luo, W",1
"Luoma, A",1
"Lusiyanti, D",1
"Lynch, M",1
"Lyons, R",1
"Lyrio, M",1
"Lyziak, T",1
"M, K",1
"MANOPIMOKE, P",1
"MASSARO, D",1
"MAZUR, Y",1
"MULVEY, C",1
"MUMLADZE, A",1
"Ma, G",1
"Ma, J",1
"Mackevičius, R",1
"Macklem, T",1
"Macmillan, P",1
"Mago, S",1
"Mahadeva, L",1
"Mahmudi, M",1
"Mahmudy, W",1
"Maia, H",1
"Maini, L",1
"Makena, P",1
"Makin, A",1
"Maldeni, R",1
"Malinowska-Misiąg, E",1
"Malmendier, U",1
"Mamun, A",1
"Man, K",1
"Mandel, M",1
"Manjula, K",1
"Manski, C",1
"Abdul Halim, M",1
"Manzan, S",1
"Manzanares, A",1
"Mao, Y",1
"Marakbi, R",1
"Marazzi, M",1
"Abel, J",1
"Mardianto, M",1
"Marenčák, M",1
"Mariano, R",1
"Marlow, M",1
"Abid, L",1
"Martel, J",1
"Martellato, D",1
"Martelli, D",1
"Martin, N",1
"Martin, V",1
"Martinez-Garcia, E",1
"Martínez, F",1
"Martínez-García, E",1
"Martínez‐García, E",1
"Marçal, E",1
"Marı́a-Dolores, R",1
"Mascaro, A",1
"Mascrenghe, M",1
"Maski, G",1
"Maskus, K",1
"Mason, C",1
"Abilov, N",1
"Masso, J",1
"Masson, P",1
"Mastelini, S",1
"Mateus, C",1
"Mateus, I",1
"Matheson, T",1
"Matsumae, T",1
"Matthes, C",1
"Matuszyk, A",1
"Maudos, J",1
"Maulia, E",1
"Mawardi, W",1
"Mayhew, M",1
"Mayola, L",1
"Maysun, M",1
"Mazhar, U",1
"Mbachu, J",1
"Mbagwu, O",1
"Abood, H",1
"McAleer, M",1
"McCallum, B",1
"McColloch, K",1
"Abrahams, M",1
"McDonald, C",1
"Abual-Foul, B",1
"McGregor, R",1
"McGurk, Z",1
"McKenzie, C",1
"McKnight, S",1
"McMillan, D",1
"Acosta, M",1
"Meh, C",1
"Melgar, N",1
"Meligkotsidou, L",1
"Adepoju, A",1
"Melo, A",1
"Melo, L",1
"Menden, C",1
"Mendoza, E",1
"Menike, L",1
"Aderibigbe, T",1
"Meredith, G",1
"Adrian, T",1
"Adubisi, O",1
"Adyatma, S",1
"Zapata Schaffeld, F",1
"Meyer, D",1
"Meyer, S",1
"Michaelides, A",1
"Zilrahmi, Z",1
"Michelis, L",1
"Mielus, P",1
"Mihaela, S",1
"Mihailov, A",1
"Mikalson, D",1
"Milas, C",1
"Milgram-Baleix, J",1
"Miller, M",1
"Mills, R",1
"Mineyama, T",1
"Mirzaie, I",1
"Zhou, D",1
"Mishra, J",1
"Mishra, R",1
"Mishra, V",1
"Mitchell, K",1
"Mitra, D",1
"Mittal, N",1
"Moench, E",1
"Mogharbel, N",1
"Mohamad Adib, N",1
"Mohd Ibrahim, A",1
"Mohsin, M",1
"Molloy, R",1
"Molnar, K",1
"Molodtsova, T",1
"Molyneux, P",1
"Momo, S",1
"Mondal, S",1
"Mongid, A",1
"Moni, V",1
"Moon, H",1
"Morales, R",1
"Moreira, R",1
"Agung, S",1
"Morgan, M",1
"Morón, E",1
"Moskaliova, V",1
"Mostaghimi, M",1
"Mueller, P",1
"Muharam, H",1
"Mukherjee, B",1
"Mumpower, J",1
"Mundell, R",1
"Murray, J",1
"Muscatelli, A",1
"Musdholifah, M",1
"Musso, A",1
"Mutascu, M",1
"Muttaqi, K",1
"Mwangi, M",1
"Mäki, U",1
"Méon, P",1
"Müller, O",1
"NEANIDIS, K",1
"NELSON, C",1
"Nagel, S",1
"Nagwani, N",1
"Najmudin, N",1
"Nakamura, D",1
"Naknoi, K",1
"Nalewaik, J",1
"Napolitano, O",1
"Nasir, A",1
"Štreimikienė, D",1
"Nason, G",1
",, B",1
"Nasr, A",1
"Naumova, S",1
"AGLIARI, A",1
"Naveira, M",1
"Nawaz, S",1
"Nayak, J",1
"Neagoe, V",1
"Neanidis, K",1
"Neaves, A",1
"Neiss, K",1
"Zhu, F",1
"Zhu, H",1
"Neumann, M",1
"Ng, S",1
"Nguyen, H",1
"Ni, Z",1
"Nielson, N",1
"Nikolov, K",1
"Zhu, X",1
"Nisak, W",1
"Nishiguchi, S",1
"Nishimura, K",1
"Niu, X",1
"Nizar Yoga Pratama, M",1
"Nkambule, N",1
"Nobili, A",1
"Nootyaskool, S",1
"Nourzad, F",1
"Novaes, W",1
"Novalina, A",1
"Novitasari, D",1
"Novotna, L",1
"Nsabimana, A",1
"Zicchino, L",1
"Ziegler, C",1
"Nunez, M",1
"Nupairoj, N",1
"Nyberg, H",1
"OUZİNİ, A",1
"Ocran, M",1
"Odedokun, M",1
"Ogundunmade, T",1
"Oinonen, S",1
"Okada, T",1
"Okfalisa, O",1
"Oktanisa, I",1
"Aastha Sharma, A",1
"Olayiwola, S",1
"Olivares, G",1
"Oliver, I",1
"Omay, T",1
"Ziyu, Z",1
"Ortiz, J",1
"Zulfa, E",1
"Ou, Y",1
"Owuor, N",1
"Oyinebifun, B",1
"Ozmucur, S",1
"P V, J",1
"P, B",1
"PECORA, N",1
"POPÎRLAN, C",1
"Paccagnini, A",1
"Pacheco, G",1
"Paciello, L",1
"Zussman, A",1
"Pallardo, V",1
"ZÜLFÜOĞLU, Ö",1
"Pan, F",1
"Panda, S",1
"Panopoulou, E",1
"Panwar, U",1
"da Silva, J",1
"Pariani, G",1
"Parikh, A",1
"Parikh, V",1
"Park, K",1
"Parker, N",1
"Patron, H",1
"Pattnaik, D",1
"Patwary, F",1
"Payu, B",1
"Pearce, D",1
"Pecora, N",1
"Pedde, J",1
"de Haan, J",1
"de Oliveira, J",1
"Pei, P",1
"Pereira Garmendia, D",1
"de Pablo, J",1
"Perez-Truglia, R",1
"Permana, M",1
"Perras, P",1
"Pesaran, M",1
"Petersen, L",1
"le Bihan, H",1
"ter Ellen, S",1
"van Dijk, D",1
"Pfau, W",1
"Phella, A",1
"Pierdzioch, C",1
"Piffer, M",1
"van Eyden, R",1
"Pimenta, R",1
"Pincheira Brown, P",1
"van der Klaauw, W",1
"Pino, G",1
"Pinto, J",1
"van der Ploeg, F",1
"Pizzinelli, C",1
"van der Wel, M",1
"Plikynas, D",1
"Poddar, J",1
"Poncela, P",1
"Ponziani, R",1
"Popov Gould, D",1
"Porqueddu, M",1
"Posada, C",1
"Posch, O",1
"van't Hag, G",1
"Pourgerami, A",1
"Powell, B",1
"Prakash, A",1
"Prakoso, B",1
"Pramila, R",1
"Pranolo, A",1
"Predescu(Popescu), O",1
"Premarathna, L",1
"Prihatiningtias, Y",1
"Proaño, C",1
"Prosperi, L",1
"Prüser, J",1
"Çakmakli, C",1
"Pulimoottil, J",1
"Purkayastha, B",1
"Purwoko, C",1
"Puzzello, D",1
"Pérez de Gracia, F",1
"Qadan, M",1
"Qadir, A",1
"Qiu, C",1
"Quadrini, V",1
"R, S",1
"RICH, R",1
"ROSE, L",1
"RPS Submitter, B",1
"RRtheli, T",1
"Radionova, E",1
"Rahayu, S",1
"Rahim, N",1
"Rahman, M",1
"Raju, S",1
"Rakotondratsimba, Y",1
"Ramadanti, A",1
"Ramadhani, S",1
"Ramli, F",1
"Rammrez Buitrago, D",1
"Čapek, J",1
"Ramírez, K",1
"Rana, A",1
"Ranjan Routray, A",1
"Ranjan, R",1
"Rao, X",1
"Rashid, M",1
"Ratnasiri, S",1
"Čepinskis, J",1
"Ravn, S",1
"Ray, S",1
"ŞAHIN, A",1
"Razzak, W",1
"Read, V",1
"Reade, J",1
"Reddy, M",1
"Redl, C",1
"Reed, R",1
"Reichel, V",1
"Reif, M",1
"Šanderová, V",1
"Rendell, L",1
"Repin, Y",1
"Reschreiter, A",1
"Resmawan, R",1
"Riajuliislam, M",1
"Rianto, K",1
"Ribba, A",1
"Ribeiro, T",1
"Ricchi, O",1
"Rich, R",1
"Richmond, P",1
"Rifflart, C",1
"Rijanto, E",1
"Risse, M",1
"Robati, F",1
"AQIBAH, M",1
"Robstad, Ø",1
"Rodano, M",1
"Rodriguez, A",1
"Rodríguez, A",1
"Rodríguez, G",1
"Rodríguez, J",1
"Roeger, W",1
"Roehner, B",1
"Rogerson, W",1
"Rohrbach-Schmidt, D",1
"Amiti, M",1
"Roldós, J",1
"Roman, A",1
"Romero, F",1
"Rosa, J",1
"Rose, D",1
"Amrin, A",1
"Rossana, R",1
"Anderson, E",1
"Rossi, M",1
"Rossini, G",1
"Rossouw, J",1
"Roth, C",1
"Roupakias, S",1
"Rousseeuw, P",1
"Rudd, J",1
"Rudolph, W",1
"Ruffino, D",1
"Andersson, M",1
"Ruiz, E",1
"Andre, P",1
"Ruprecht, R",1
"Andreae, P",1
"Russell, B",1
"Rybak, I",1
"Rybalchenko, S",1
"Andries, A",1
"S M, K",1
"S, D",1
"S, K",1
"SARNO, L",1
"SCHMELING, M",1
"SMITH, G",1
"SPELTA, A",1
"SUCIPTAWATI, N",1
"SUMARJAYA, I",1
"Sa'adah, S",1
"Andrieș, A",1
"Saboia de Albuquerque, B",1
"Sabri, N",1
"Ang, J",1
"Safitri, S",1
"Sahari, A",1
"Anggraeni, D",1
"Sakarneh, B",1
"Salazar, L",1
"Salman, G",1
"Ani, W",1
"San Vicente Portes, L",1
"Sanfins, M",1
"Santana, E",1
"Santiyasa, I",1
"Anjum, B",1
"Anthony, A",1
"Santos, D",1
"Sapsford, D",1
"Saputra, D",1
"Saputra, I",1
"Sarangi, P",1
"Sarno, L",1
"Sattar, A",1
"Satyamurthy, N",1
"Anton, S",1
"Sbordone, A",1
"Schabert, A",1
"Scharff, J",1
"Antunes, J",1
"Anwar, S",1
"Schindler, J",1
"Schmeling, M",1
"Schnader, M",1
"Anyu, J",1
"Schubert, M",1
"Schunk, D",1
"Aoki, K",1
"Sehgal, S",1
"Arancibia, R",1
"Selten, R",1
"Selvachandran, G",1
"Aras, S",1
"Sena, D",1
"Sepehri, M",1
"Serletis, A",1
"Setyadi, H",1
"Shabanov, N",1
"Shah, J",1
"Shah, P",1
"Shahid, A",1
"Shakibaei, A",1
"Shang, W",1
"Shang, Y",1
"Shankar, P",1
"Shao, D",1
"Sharma, P",1
"Sharma, S",1
"Shatnawi, S",1
"Shefrin, H",1
"Shen, K",1
"Shen, L",1
"Shi, J",1
"Shiddiqy, R",1
"Araya-Gomez, I",1
"Shim, M",1
"Shimizu, C",1
"Shin, Y",1
"Shrivastava, A",1
"Aretz, K",1
"Shukla, B",1
"Siahaan, A",1
"Sianturi, M",1
"Arfinto, E",1
"Silva, E",1
"Simanauskas, L",1
"Simhon, A",1
"Simionescu, B",1
"Argany, M",1
"Sims, C",1
"Sims, E",1
"Sinclair, T",1
"Singh, A",1
"Singh, H",1
"Singh, J",1
"Singh, R",1
"Arias-Rodríguez, F",1
"Singla, S",1
"Sinha, D",1
"Arnold, I",1
"Sinha, S",1
"Sivarajasingham, S",1
"Skitmore, M",1
"Slačálek, J",1
"Smaga, P",1
"Arunatilaka, S",1
"Smith, A",1
"Ashraf, A",1
"Assiddiki, M",1
"Atal, V",1
"Smith, K",1
"Atesoglu, H",1
"Soccorsi, S",1
"Sofyan, H",1
"Aucremanne, L",1
"Sokol, A",1
"Soliman, M",1
"Soltanieh-ha, M",1
"Somaratna, P",1
"Song, F",1
"Song, J",1
"Song, M",1
"Song, P",1
"Song, Z",1
"Sonnemans, J",1
"Soofi, A",1
"Audit, D",1
"Sosvilla-Rivero, S",1
"Sosvilla‐rivero, S",1
"Soto, S",1
"Soybilgen, B",1
"Spelta, A",1
"Auret, C",1
"Spiegler, R",1
"Sri, N",1
"Srinivasan, N",1
"Stancu, S",1
"Stander, L",1
"Stanislawska, E",1
"Startz, R",1
"Stasavage, D",1
"Steinreich, D",1
"Avouyi-Dovi, S",1
"Stephens, M",1
"Sterne, G",1
"Stine, R",1
"Stockhammer, E",1
"Strauss, J",1
"Struyf, A",1
"Subramanian, C",1
"Sucipto, S",1
"Suginam, S",1
"Suhartono, S",1
"Summers, L",1
"Sumner, S",1
"Sun, A",1
"Sun, F",1
"Ayala, A",1
"Sun, Y",1
"Sunariadi, N",1
"Ayaydın, H",1
"Aye, G",1
"Surico, P",1
"Suvanto, A",1
"Svensson, J",1
"Swaminathan, A",1
"Swank, O",1
"Azad, M",1
"Swetha, R",1
"Syahputra, R",1
"Syahzaqi, I",1
"Sydorenko, D",1
"Szyrmer, J",1
"SÖYLEMEZ, O",1
"Sánchez-Mangas, R",1
"Süssmuth, B",1
"TOHAMY, S",1
"TONG, B",1
"TRACY, J",1
"TREVITHICK, J",1
"Tabak, B",1
"Tabellini, G",1
"Taiwo, O",1
"Tamai, Y",1
"Tan, F",1
"Tan, Y",1
"Aziz, A",1
"Tas, B",1
"Tegami, C",1
"Teigland, C",1
"Tejaswi, D",1
"Tello, A",1
"Terajima, Y",1
"Terra, C",1
"Tesfaselassie, M",1
"Tewari, M",1
"Thakur, G",1
"Thamotheram, C",1
"Thi Truc Nguyen, H",1
"Thirunavukkarasu, K",1
"Thoma, M",1
"BOSE, N",1
"Thummalapudi, S",1
"Tian, H",1
"Bacha, E",1
"Tirtiroglu, D",1
"Bachmeier, L",1
"Tiwari, R",1
"Tizzanini, G",1
"Tlotlego, N",1
"Toader, E",1
"Tokuoka, k",1
"Toma, M",1
"Topa, G",1
"Tosasukul, J",1
"Tosun, T",1
"Tracy, J",1
"Trecroci, C",1
"Trigari, A",1
"Trivedi, D",1
"Tsang, E",1
"Tsaurai, K",1
"Tsiaplias, S",1
"Bahal, G",1
"Tu, Y",1
"Tudevdagva, U",1
"Tuinstra, J",1
"Bahmani-Oskooee, M",1
"Turnovsky, S",1
"UNGUREANU, L",1
"Bakri, R",1
"Udoh, N",1
"Uduma, A",1
"Ugwunta, D",1
"Uhlich, G",1
"Ulusoy, V",1
"Ummah, S",1
"Ungern-Sternberg, T",1
"Urbaitė, Ū",1
"Balcilar, M",1
"Baltacı, N",1
"Utama, W",1
"Utomo, Y",1
"Uusküla, L",1
"V, N",1
"Vahey, S",1
"Vakula, K",1
"Valcarcel, V",1
"Van Dijk, H",1
"Van Raaij, W",1
"Van Wesep, E",1
"Van Wesep, R",1
"VanHOOSE, D",1
"Banerjee, A",1
"Vanegas, P",1
"Venkatu, G",1
"Venkiteshwaran, V",1
"Verbrugge, R",1
"Verlaine, M",1
"Verma, A",1
"Veronesi, P",1
"Versal, N",1
"Verstyuk, S",1
"Villani, M",1
"Villar, D",1
"Villieu, P",1
"Vimalarathne, K",1
"Viqueira, A",1
"Virbickaitė, A",1
"Viren, M",1
"Visaltanachoti, N",1
"Viveros Jiménez, A",1
"Bar, T",1
"Vochozka, M",1
"Voss, G",1
"Vredin, A",1
"Vrontos, I",1
"Vrontos, S",1
"Vrugt, E",1
"Vu, D",1
"Barbon, S",1
"Barik, R",1
"Wagdi, O",1
"Wagner, N",1
"Wahyuddin, S",1
"Wakerly, E",1
"Walker, D",1
"Walker, T",1
"Barkan, O",1
"Walter, S",1
"Walters, A",1
"Walton, J",1
"Wang, A",1
"Wang, B",1
"Wang, C",1
"Wang, D",1
"Wang, G",1
"Barnett, W",1
"Wang, M",1
"Wang, Q",1
"Wang, S",1
"Wang, X",1
"Barr, G",1
"Wanke, P",1
"Warden, S",1
"Barro, R",1
"Basha, L",1
"Basher, S",1
"Wei, C",1
"Bastero-Gil, M",1
"Weinstein, D",1
"Weiß, C",1
"Wells, K",1
"Welz, M",1
"Wentzler, N",1
"Werlang, S",1
"Baştürk, N",1
"Whelan, K",1
"Wibawa, A",1
"Wibowo, A",1
"Widyatmoko, K",1
"Bednar, O",1
"Wijaya, M",1
"Wijayanto, H",1
"Wilcox, J",1
"Willett, T",1
"Bee Dagum, E",1
"Wilson, B",1
"Wilson, N",1
"Winer, S",1
"Winton, J",1
"Witkowski, B",1
"Wochner, D",1
"Wohlfart, J",1
"Wolters, M",1
"Wong, T",1
"Woodford, M",1
"Behrens, C",1
"Wozniak, P",1
"Belhaj, H",1
"Wu, J",1
"Wu, K",1
"Wu, L",1
"Wu, M",1
"Wu, Y",1
"Wulandari, G",1
"XUE, Y",1
"Xavier, A",1
"Xie, H",1
"Xiu, D",1
"Xu, F",1
"Xu, H",1
"Xu, Q",1
"Ben Bouheni, F",1
"Xu, Z",1
"YETMAN, J",1
"YI, J",1
"Yadav, A",1
"Yadav, S",1
"Yagil, J",1
"Yan, X",1
"Yang, C",1
"Yang, E",1
"Yang, J",1
"Yang, S",1
"Yang, Y",1
"Benavides, G",1
"Yanto, M",1
"Yaslam, M",1
"Benchimol, J",1
"Yates, T",1
"Yazgan, E",1
"Ye, C",1
"Ye, X",1
"Yee, Y",1
"Berardi, A",1
"Yi, C",1
"Yildirak, K",1
"Yin, Z",1
"Yohanes, S",1
"You, J",1
"Yu, C",1
"Yuan, D",1
"Yudistira, N",1
"Yuen, C",1
"Yuin, K",1
"Yunanto, P",1
"Yusoff, Y",1
"Yusuf, R",1
"Yuxiang, K",1
"ZHANG, J",1
"Afendi, F",1
"Afifah, N",1
"Afriany, J",1
"Afridi, U",1
"Afrouzi, H",1
"Agalgaonkar, A",1
"Agee, M",1
"AKINTUNDE, A",1
"Ahangar, R",1
"Ahiadorme, J",1
"Ahmad, S",1
"Ahmed, D",1
"Aizenman, J",1
"Ajmi, A",1
"Akande, E",1
"Akanni, E",1
"Akbarifard, H",1
"Bergen, M",1
"Akhirson, A",1
"Akkina, K",1
"Al Ghofur, A",1
"Al-Rjoub, S",1
"Alam, N",1
"Bernardo, J",1
"Alda, H",1
"Ali, I",1
"Ali, S",1
"Allam, A",1
"Allka, X",1
"Alwan, L",1
"Amalia, S",1
"ARIYO, S",1
"Zaher, F",1
"Zahir, A",1
"Zainal, R",1
"Zakaria, A",1
"Bescorovaynaya, N",1
"Best, G",1
"Zanetti, F",1
"ARANSON, P",1
"Zarin, N",1
"Zarnowitz, V",1
"Betancourt, R",1
"Zhang, C",1
"Zhang, D",1
"Bharti, S",1
"Bhatt, A",1
"Bhattacharya, J",1
"Bhattacharyya, R",1
"Zhang, R",1
"Bhoola, F",1
"Zhang, W",1
"Bianconcini, S",1
"Billmeier, A",1
"Zhao, F",1
"Zhao, L",1
"Zhao, Y",1
"Binici, M",1
"Zhen-Yu, L",1
"Zheng, L",1
"Zheng, Z",1
"Zhigljavsky, A",1
"Zhong, H",1
"Abdelsalam, M",1
